"u_nazwa","u_stocznia","u_wrak","u_typ"
"U-102","Friedrich Krupp Germaniawerft","Point(-10.43333333 48.55)","German Type VIIB submarine"
"U-101","Friedrich Krupp Germaniawerft","Point(10.83333333 54.11666667)","German Type VIIB submarine"
"U-60","Deutsche Werke",,
"German submarine U-506","Deutsche Werft","Point(-16.5 42.5)",
"U-93","Friedrich Krupp Germaniawerft","Point(-15.86666667 36.16666667)","Okręty podwodne typu VIIC"
"U-75","Bremer Vulkan","Point(26.66666667 31.83333333)","German Type VIIB submarine"
"German submarine U-564","Blohm + Voss",,"Okręty podwodne typu VIIC"
"German submarine U-128","AG Weser","Point(-35.583 10.0)","Okręty podwodne typu IXC"
"German submarine U-128","Deutsche Schiff- und Maschinenbau","Point(-35.583 10.0)","Okręty podwodne typu IXC"
"U-86","Flender Werke",,"German Type VIIB submarine"
"U-142","Deutsche Werke",,"German Type IID submarine"
"U-139","Deutsche Werke",,
"U-116","Friedrich Krupp Germaniawerft","Point(-31.5 45.0)",
"German submarine U-413","Danziger Werft","Point(-0.0166667 50.35)","Okręty podwodne typu VIIC"
"U-117","Friedrich Krupp Germaniawerft","Point(38.35 39.7)",
"German submarine U-103","AG Weser","Point(10.1667 54.3167)","Okręty podwodne typu IXB"
"U-145","Deutsche Werke","Point(-9.93333333 55.78333333)",
"U-140","Deutsche Werke",,
"U-58","Deutsche Werke",,
"German submarine U-135","Bremer Vulkan","Point(-13.28333333 28.33333333)","Okręty podwodne typu VIIC"
"U-149","Deutsche Werke",,
"German submarine U-157","AG Weser","Point(-82.05 24.21666667)",
"U-159","AG Weser",,
"U-148","Deutsche Werke",,
"German submarine U-883","AG Weser","Point(-8.666667 55.733333)","Okręty podwodne typu IXD-1"
"German submarine U-171","AG Weser","Point(-3.784 47.797)",
"German submarine U-153","AG Weser",,
"U-158","AG Weser","Point(-67.46666667 32.83333333)",
"German submarine U-522",,"Point(-26.36666667 31.45)",
"German submarine U-432","Schichau-Werke","Point(-28.33333333 51.58333333)","Okręty podwodne typu VIIC"
"German submarine U-200","AG Weser","Point(-25.41666667 58.25)","Okręty podwodne typu IXD-2"
"German submarine U-533","Deutsche Werft","Point(56.83333333 25.46666667)",
"U-573","Blohm + Voss","Point(-1.0 37.0)","Okręty podwodne typu VIIC"
"German submarine U-161",,"Point(-35.58333333 -12.5)",
"U-150","Deutsche Werke",,
"German submarine U-558","Blohm + Voss","Point(-9.7 45.1667)","Okręty podwodne typu VIIC"
"U-363","Flensburger Schiffbau-Gesellschaft","Point(-8.3 55.75)","Okręty podwodne typu VIIC"
"German submarine U-358","Flensburger Schiffbau-Gesellschaft",,"Okręty podwodne typu VIIC"
"German submarine U-165","Deutsche Schiff- und Maschinenbau","Point(-5.5 47.08333333)","Okręty podwodne typu IXC"
"German submarine U-566","Blohm + Voss","Point(-9.51666667 41.2)","Okręty podwodne typu VIIC"
"SM U-35","Friedrich Krupp Germaniawerft",,"Okręty podwodne typu U-31"
"SM U-48",,"Point(1.51666667 51.18333333)",
"U-137","Deutsche Werke",,
"Forelle","Friedrich Krupp Germaniawerft",,
"U-848","AG Weser","Point(-18.0 -10.15)","Okręty podwodne typu IXD-2"
"HMS Seal",,"Point(10.18333333 54.36666667)","Okręty podwodne typu Grampus"
"U-3008","AG Weser",,
"U-124","AG Weser",,"Okręty podwodne typu IXB"
"U-44","AG Weser","Point(5.11666667 54.23333333)","Okręty podwodne typu IXA"
"U-155","AG Weser","Point(-7.65 55.583)",
"German submarine U-238",,,"Okręty podwodne typu VIIC"
"U-40","AG Weser","Point(0.25 50.7)","Okręty podwodne typu IXA"
"U-852","AG Weser","Point(51.2693899 10.4033218)",
"U-68","AG Weser","Point(-18.98333333 33.4)",
"U-73","Bremer Vulkan","Point(0.83333333 36.11666667)","German Type VIIB submarine"
"German submarine U-559","Blohm + Voss","Point(33.0 32.5)","Okręty podwodne typu VIIC"
"U-45","Friedrich Krupp Germaniawerft","Point(-12.95 50.96666667)","German Type VIIB submarine"
"German submarine U-67","AG Weser","Point(-44.2833 30.0833)","Okręty podwodne typu IXC"
"U-77","Bremer Vulkan",,"Okręty podwodne typu VIIC"
"U-89","Flender Werke","Point(-25.66666667 46.5)","Okręty podwodne typu VIIC"
"U-83","Flender Werke","Point(0.08333333 37.16666667)","German Type VIIB submarine"
"U-21",,"Point(30.78333333 41.16666667)",
"German submarine U-108","AG Weser",,"Okręty podwodne typu IXB"
"German submarine U-106","AG Weser",,"Okręty podwodne typu IXB"
"U-120","Flender Werke",,
"U-154","AG Weser","Point(-19.3 34.0)",
"U-65","AG Weser","Point(-15.75 60.06666667)","Okręty podwodne typu IXB"
"German submarine U-109","AG Weser","Point(-22.4 47.22)","Okręty podwodne typu IXB"
"U-141","Deutsche Werke",,
"U-82","Bremer Vulkan",,"Okręty podwodne typu VIIC"
"U-170","Deutsche Schiff- und Maschinenbau",,
"U-143","Deutsche Werke","Point(-9.58333333 55.96666667)",
"German submarine U-132","Bremer Vulkan","Point(-39.8667 55.6333)","Okręty podwodne typu VIIC"
"U-144 (1940)","Deutsche Werke","Point(23.0 59.0)",
"U-94","Friedrich Krupp Germaniawerft","Point(-74.5 17.66666667)","Okręty podwodne typu VIIC"
"German submarine U-504","Deutsche Werft","Point(-10.93333333 45.55)",
"U-71","Friedrich Krupp Germaniawerft",,"Okręty podwodne typu VIIC"
"U-87","Flender Werke","Point(-13.51666667 41.6)","German Type VIIB submarine"
"U-78","Bremer Vulkan",,"Okręty podwodne typu VIIC"
"German submarine U-129","AG Weser","Point(-35.583 10.0)",
"German submarine U-127","AG Weser","Point(-35.583 10.0)",
"German submarine U-557","Blohm + Voss","Point(23.19 35.31)","Okręty podwodne typu VIIC"
"German submarine U-181","AG Weser","Point(100.69722222 3.09722222)",
"German submarine U-515","Deutsche Werft","Point(-19.3 34.583)",
"U-62","Deutsche Werke",,"Okręty podwodne typu II"
"German submarine U-203","Friedrich Krupp Germaniawerft","Point(-31.35 36.2333)","Okręty podwodne typu VIIC"
"U-14","Deutsche Werke",,
"U-88","Flender Werke","Point(4.81666667 75.06666667)","Okręty podwodne typu VIIC"
"U-2513",,"Point(-83.3099 24.866916666)",
"U-549",,"Point(-23.05 31.21666667)",
"German submarine U-859","AG Weser","Point(100.067 5.767)",
"U-175","AG Weser","Point(-22.06666667 47.88333333)",
"U-255","Bremer Vulkan","Point(-13.63333333 51.26666667)","Okręty podwodne typu VIIC"
"German submarine U-182","AG Weser","Point(-20.58333333 33.91666667)",
"U-180","AG Weser","Point(-2.0 44.0)","Okręty podwodne typu IXD-1"
"German submarine U-556","Blohm + Voss","Point(-20.0 60.4)","Okręty podwodne typu VIIC"
"German submarine U-550",,"Point(-69.73333333 40.15)",
"U-42","AG Weser","Point(-16.0 49.2)","Okręty podwodne typu IXA"
"U-2511",,"Point(-7.633333333 55.55)",
"U-12","Friedrich Krupp Germaniawerft","Point(1.5 51.16666667)",
"SM U-105","Friedrich Krupp Germaniawerft",,"okręty podwodne typu  U 93"
"German submarine U-701","H. C. Stülcken Sohn","Point(-75.1115 35.23883333)","typu VII"
"German submarine U-701","H. C. Stülcken Sohn","Point(-75.1115 35.23883333)","Okręty podwodne typu VIIC"
"German submarine U-352","Flensburger Schiffbau-Gesellschaft","Point(-76.56483333 34.22783333)","typu VII"
"German submarine U-352","Flensburger Schiffbau-Gesellschaft","Point(-76.58333333 34.35)","typu VII"
"German submarine U-352","Flensburger Schiffbau-Gesellschaft","Point(-76.56483333 34.22783333)","Okręty podwodne typu VIIC"
"German submarine U-352","Flensburger Schiffbau-Gesellschaft","Point(-76.58333333 34.35)","Okręty podwodne typu VIIC"
"U-459","Deutsche Werke",,"Okręty podwodne typu XIV"
"SM U-31",,,"Okręty podwodne typu U-31"
"SM U-10","Friedrich Krupp Germaniawerft","Point(13.0 45.5)","Okręty podwodne typu UBI"
"SM U-10","Friedrich Krupp Germaniawerft","Point(13.0 45.5)","okręty podwodne typu U-10"
"German submarine U-309","Flender Werke","Point(-2.38333333 58.15)","Okręty podwodne typu VIIC"
"German submarine U-752","Kriegsmarinewerft Wilhelmshaven",,"Okręty podwodne typu VIIC"
"U-998",,,"German Type VIIC/41 submarine"
"U-91","Flender Werke",,"Okręty podwodne typu VIIC"
"U-59","Deutsche Werke",,
"German submarine U-130","AG Weser","Point(-35.583 10.0)","Okręty podwodne typu IXC"
"German submarine U-652","Howaldtswerke-Deutsche Werft","Point(25.18333333 31.91666667)","Okręty podwodne typu VIIC"
"German submarine U-744",,,"Okręty podwodne typu VIIC"
"SM U-74","Kaiserliche Werft Gdańsk",,"okręty podwodne typu UE I"
"German submarine U-629","Blohm + Voss","Point(-5.383333 48.566667)","Okręty podwodne typu VIIC"
"German submarine U-873","AG Weser","Point(-42.51666667 35.75)","Okręty podwodne typu IXD-1"
"U-530","Deutsche Werft",,"Okręty podwodne typu IXC/40"
"U-245",,"Point(-6.31666667 55.41666667)","Okręty podwodne typu VIIC"
"German submarine U-1006",,"Point(-4.81666667 60.98333333)","German Type VIIC/41 submarine"
"German submarine U-3508",,,"Okręty podwodne typu XXI"
"German submarine U-32",,,
"German submarine U-287",,"Point(8.83333333 53.83333333)","Okręty podwodne typu VIIC"
"German submarine U-320",,"Point(1.88333333 61.53333333)","German Type VIIC/41 submarine"
"German submarine U-666","Deutsche Werft",,"Okręty podwodne typu VIIC"
"Seeteufel",,,
"German submarine U-226","Friedrich Krupp Germaniawerft","Point(-41.21666667 44.81666667)","Okręty podwodne typu VIIC"
"German submarine U-251",,,"Okręty podwodne typu VIIC"
"U-1105","Nordseewerke","Point(-76.552778 38.136111)","German Type VIIC/41 submarine"
"German submarine U-365","Flensburger Schiffbau-Gesellschaft",,"Okręty podwodne typu VIIC"
"U-464","Deutsche Werke","Point(-14.66666667 61.41666667)","Okręty podwodne typu XIV"
"German submarine U-97","Friedrich Krupp Germaniawerft","Point(34.0 33.0)","Okręty podwodne typu VIIC"
"German submarine U-442","Schichau-Werke","Point(-11.93333333 37.53333333)","Okręty podwodne typu VIIC"
"German submarine U-98","Friedrich Krupp Germaniawerft","Point(-7.7 36.15)","Okręty podwodne typu VIIC"
"German submarine U-563","Blohm + Voss","Point(-10.66666667 46.58333333)","Okręty podwodne typu VIIC"
"U-3519",,"Point(12.08333333 54.18333333)","Okręty podwodne typu XXI"
"German submarine U-434","Schichau-Werke","Point(-15.8 36.25)","Okręty podwodne typu VIIC"
"German submarine U-256","Bremer Vulkan",,"Okręty podwodne typu VIIC"
"German submarine U-105","Deutsche Schiff- und Maschinenbau",,"Okręty podwodne typu IXB"
"U-104","AG Weser","Point(-8.0 55.5)","Okręty podwodne typu IXB"
"U-80","Bremer Vulkan","Point(19.83333333 54.41666667)","Okręty podwodne typu VIIC"
"German submarine U-136","Bremer Vulkan","Point(-22.86666667 33.5)","Okręty podwodne typu VIIC"
"German submarine U-111","AG Weser","Point(-20.4 27.16666667)","Okręty podwodne typu IXB"
"German submarine U-122","AG Weser",,"Okręty podwodne typu IXB"
"German submarine U-373","Howaldtswerke-Deutsche Werft",,"Okręty podwodne typu VIIC"
"UC-5","AG Weser","Point(1.63333333 51.98333333)","okręty podwodne typu UC I"
"German submarine U-408",,,"Okręty podwodne typu VIIC"
"U-480",,"Point(-1.73611111 50.36777778)","Okręty podwodne typu VIIC"
"German submarine U-247",,"Point(-5.81666667 49.9)","Okręty podwodne typu VIIC"
"German submarine U-3505",,,
"U-146","Deutsche Werke",,
"German submarine U-396",,,"Okręty podwodne typu VIIC"
"U-147","Deutsche Werke",,
"German submarine U-489","Friedrich Krupp Germaniawerft","Point(-14.633333333 61.183333333)","Okręty podwodne typu XIV"
"German submarine U-593","Blohm + Voss","Point(5.96666667 37.63333333)","Okręty podwodne typu VIIC"
"German submarine U-627","Blohm + Voss","Point(-22.81666667 59.23333333)","Okręty podwodne typu VIIC"
"German submarine U-202","Friedrich Krupp Germaniawerft","Point(-39.86666667 56.2)","Okręty podwodne typu VIIC"
"German submarine U-795",,,
"German submarine U-551","Blohm + Voss","Point(-16.78333333 62.61666667)","Okręty podwodne typu VIIC"
"German submarine U-422",,,"Okręty podwodne typu VIIC"
"HMS Graph","Blohm + Voss","Point(-18.5833 62.25)","Okręty podwodne typu VIIC"
"U-121","Flender Werke",,
"German submarine U-488","Friedrich Krupp Germaniawerft","Point(-38.083333333 17.9)","Okręty podwodne typu XIV"
"U-152","Deutsche Werke",,
"German submarine U-355","Flensburger Schiffbau-Gesellschaft","Point(13.16666667 73.05)","Okręty podwodne typu VIIC"
"U-134","Bremer Vulkan","Point(-9.5 42.11666667)","Okręty podwodne typu VIIC"
"Niemiecki okręt podwodny U-108","Friedrich Krupp Germaniawerft","Point(1.51667 50.8833)","okręty podwodne typu  U 93"
"SM U-106","Friedrich Krupp Germaniawerft",,"okręty podwodne typu  U 93"
"German submarine U-263",,,"Okręty podwodne typu VIIC"
"German submarine U-400",,"Point(-5.08333333 50.665)","Okręty podwodne typu VIIC"
"German submarine U-325",,"Point(-5.206383 49.804717)","German Type VIIC/41 submarine"
"German submarine U-211","Friedrich Krupp Germaniawerft",,"Okręty podwodne typu VIIC"
"German submarine U-250",,,"Okręty podwodne typu VIIC"
"German submarine U-861",,"Point(-7.25 55.4167)",
"German submarine U-399",,,"Okręty podwodne typu VIIC"
"German submarine U-1021",,"Point(-5.19333333 50.555)","German Type VIIC/41 submarine"
"German submarine U-463","Deutsche Werke","Point(-11.666666666 45.95)","Okręty podwodne typu XIV"
"U-31",,,
"German submarine U-553","Blohm + Voss",,"Okręty podwodne typu VIIC"
"German submarine U-305","Flender Werke","Point(-18.0 49.0)","Okręty podwodne typu VIIC"
"German submarine U-270","Bremer Vulkan",,"Okręty podwodne typu VIIC"
"Okręty podwodne typu Delphin",,,
"German submarine U-264","Bremer Vulkan",,"Okręty podwodne typu VIIC"
"German submarine U-190","AG Weser","Point(-63.0 43.917)",
"German submarine U-338","Nordseewerke",,"Okręty podwodne typu VIIC"
"U-74","Bremer Vulkan","Point(0.16666667 37.53333333)","German Type VIIB submarine"
"U-853","AG Weser","Point(-71.45 41.217)",
"U-51","Friedrich Krupp Germaniawerft",,"German Type VIIB submarine"
"U-55","Friedrich Krupp Germaniawerft","Point(-7.8 48.61666667)","German Type VIIB submarine"
"U-90","Flender Werke","Point(4.81666667 75.06666667)","Okręty podwodne typu VIIC"
"U-84","Flender Werke","Point(-68.03 27.55)","German Type VIIB submarine"
"U-53","Friedrich Krupp Germaniawerft","Point(-6.233333 60.533333)","German Type VIIB submarine"
"U-54","Friedrich Krupp Germaniawerft","Point(6.75 54.95)","German Type VIIB submarine"
"U-76 (1940)","Bremer Vulkan","Point(-20.33333333 58.58333333)","German Type VIIB submarine"
"U-52","Friedrich Krupp Germaniawerft","Point(10.8333 54.1167)","German Type VIIB submarine"
"U-22","Friedrich Krupp Germaniawerft","Point(9.0 57.5)",
"U-977","Blohm + Voss",,"Okręty podwodne typu VIIC"
"U-977","Friedrich Krupp Germaniawerft",,"Okręty podwodne typu VIIC"
"U-131","AG Weser","Point(-13.58333333 34.2)",
"U-43","AG Weser",,"Okręty podwodne typu IXA"
"U-66","AG Weser","Point(-32.48333333 17.28333333)","Okręty podwodne typu IXC"
"German submarine U-195","AG Weser","Point(114.7 -6.83333)","Okręty podwodne typu IXD-1"
"German submarine U-123","AG Weser",,"Okręty podwodne typu IXB"
"German submarine U-126","AG Weser","Point(-45.33333333 52.5)",
"U-70","Friedrich Krupp Germaniawerft","Point(-14.0 60.25)","Okręty podwodne typu VIIC"
"U-219","Friedrich Krupp Germaniawerft","Point(104.90222222 -6.51666667)",
"U-138","Deutsche Werke",,
"U-41","AG Weser","Point(-10.06666667 49.33333333)","Okręty podwodne typu IXA"
"German submarine U-571","Blohm + Voss","Point(-14.45 52.683333333)","Okręty podwodne typu VIIC"
"U-33","Friedrich Krupp Germaniawerft","Point(-5.11666667 55.41666667)","typu VIIA"
"U-333","Nordseewerke",,"Okręty podwodne typu VIIC"
"U-85","Flender Werke","Point(-75.21666667 35.91666667)","German Type VIIB submarine"
"U-166","Seebeckwerft","Point(-90.75 28.6167)",
"German submarine U-201","Friedrich Krupp Germaniawerft","Point(-16.0 60.0)","Okręty podwodne typu VIIC"
"U-56","Deutsche Werke",,
"U-32","AG Weser","Point(-12.31666667 55.61666667)","typu VIIA"
"U-17","Friedrich Krupp Germaniawerft",,
"U-156","AG Weser","Point(-54.65 12.63333333)",
"U-125","AG Weser","Point(-45.33333333 52.5)",
"German submarine U-507","Deutsche Werft","Point(-39.867 1.633)",
"U-24",,"Point(28.68333333 44.2)",
"U-293",,,"German Type VIIC/41 submarine"
"U-27","AG Weser","Point(-9.033333333 58.583333333)","typu VIIA"
"SM UB-33","Blohm + Voss","Point(1.28333333 50.93333333)","Okręty podwodne typu UBII"
"U-1230",,,
"German submarine U-519","Deutsche Werft",,
"U-31","AG Weser",,"typu VIIA"
"U-10","Friedrich Krupp Germaniawerft",,
"U-773",,,
"SM U-75","Bremer Vulkan","Point(-3.4 59.11666667)","okręty podwodne typu UE I"
"U-26","AG Weser",,
"U-25","AG Weser","Point(5.11666667 54.23333333)",
"U-13","Deutsche Werke","Point(2.03333333 55.43333333)","Klasse IIB"
"U-16","Deutsche Werke","Point(1.46666667 51.15)","Klasse IIB"
"U-15","Deutsche Werke","Point(7.83333333 54.4)","Klasse IIB"
"U-39","AG Weser","Point(-11.81666667 58.53333333)","Okręty podwodne typu IXA"
"U-151","Deutsche Werke",,"German Type IID submarine"
"SM U-117","AG Vulcan Stettin",,"okręty podwodne typu UE II"
"U-63","Deutsche Werke","Point(-0.166667 58.6667)",
"U-49","Friedrich Krupp Germaniawerft","Point(-11.6 46.85)","German Type VIIB submarine"
"U-172","AG Weser","Point(-29.967 26.483)",
"U-47","Friedrich Krupp Germaniawerft",,"German Type VIIB submarine"
"SM U-1","Friedrich Krupp Germaniawerft","Point(11.5833 48.1167)",
"German submarine U-449","Schichau-Werke","Point(-11.98333333 45.0)","Okręty podwodne typu VIIC"
"U-57","Deutsche Werke",,
"U-995",,"Point(10.2289 54.4125)","German Type VIIC/41 submarine"
"U-72","Friedrich Krupp Germaniawerft",,"Okręty podwodne typu VIIC"
"U-552","Blohm + Voss",,"Okręty podwodne typu VIIC"
"Deutschland","Flensburger Schiffbau-Gesellschaft",,"okręty podwodne typu U 151"
"Deutschland","Friedrich Krupp Germaniawerft",,"okręty podwodne typu U 151"
"U-46","Friedrich Krupp Germaniawerft","Point(9.48333333 54.83333333)","German Type VIIB submarine"
"U-50","Friedrich Krupp Germaniawerft",,"German Type VIIB submarine"
"U-38","AG Weser","Point(8.53333333 53.56666667)","Okręty podwodne typu IXA"
"U-37","AG Weser","Point(9.78333333 54.91666667)","Okręty podwodne typu IXA"
"U-95","Friedrich Krupp Germaniawerft","Point(-3.33333333 36.4)","Okręty podwodne typu VIIC"
"U-48","Friedrich Krupp Germaniawerft","Point(10.833333333 54.116666666)","German Type VIIB submarine"
"U-110 (1940)","AG Weser","Point(-33.2 60.366666666)","Okręty podwodne typu IXB"
"U-869","AG Weser","Point(-73.2 39.33)",
"Wilhelm Bauer","Blohm + Voss","Point(8.577777777 53.541388888)",
"U-160","AG Weser",,
"German submarine U-667","Deutsche Werft","Point(-1.5 46.0)","Okręty podwodne typu VIIC"
"U-34","Friedrich Krupp Germaniawerft","Point(-8.34 48.49)","typu VIIA"
"U-534","Deutsche Werft","Point(-3.00933 53.3951)",
"U-35","Friedrich Krupp Germaniawerft","Point(2.78333333 60.88333333)","typu VIIA"
"U-36","Friedrich Krupp Germaniawerft","Point(5.03333333 57.0)","typu VIIA"
"U-20","Friedrich Krupp Germaniawerft","Point(30.783333333 41.166666666)","Klasse IIB"
"U-69","Friedrich Krupp Germaniawerft","Point(-41.11666667 50.6)","Okręty podwodne typu VIIC"
"U-23",,"Point(30.0 41.18333333)",
"U-331","Nordseewerke","Point(2.45 37.08333333)","Okręty podwodne typu VIIC"
"U-505","Deutsche Werft","Point(-87.58139 41.791787)","Okręty podwodne typu IXC"
"U-234",,,
"U-864","AG Weser","Point(4.62083333 60.76944444)","Okręty podwodne typu IXD-1"
"U-18",,"Point(28.68333333 44.2)",
"U-81","Bremer Vulkan","Point(13.85 44.86666667)","typu VII"
"U-81","Bremer Vulkan","Point(13.85 44.86666667)","Okręty podwodne typu VIIC"
"U-30","AG Weser",,"typu VIIA"
"U-100","Friedrich Krupp Germaniawerft","Point(-11.5 61.06666667)","German Type VIIB submarine"
"U-99","Friedrich Krupp Germaniawerft","Point(-12.0 61.0)","German Type VIIB submarine"
"SM UC-21","Blohm + Voss",,"okręty podwodne typu UC II"
"SM U-61","AG Weser",,
"Niemiecki okręt podwodny SM U-46",,,
"Niemiecki okręt podwodny SM U-86","Friedrich Krupp Germaniawerft",,
"SM U-39","Friedrich Krupp Germaniawerft","Point(-0.03333333 36.6)","Okręty podwodne typu U-31"
"SM U-47","Kaiserliche Werft Gdańsk",,
"SM UC-57","Kaiserliche Werft Gdańsk","Point(23.0 59.0)","okręty podwodne typu UC II"
"U-19",,"Point(31.83333333 41.56666667)",
"German submarine U-653","Howaldtswerke-Deutsche Werft","Point(-24.5833 53.7667)","Okręty podwodne typu VIIC"
"U-3501",,,
"German submarine U-801","Deutsche Schiff- und Maschinenbau","Point(-30.4667 16.7)",
"German submarine U-435","Schichau-Werke","Point(-14.36666667 39.8)","Okręty podwodne typu VIIC"
"U-2336",,,
"German submarine U-232","Friedrich Krupp Germaniawerft","Point(-13.68333333 40.61666667)","Okręty podwodne typu VIIC"
"Niemiecki okręt podwodny SM U-2","Kaiserliche Werft Gdańsk",,
"German submarine U-669","Howaldtswerke-Deutsche Werft",,
"UB-4","Friedrich Krupp Germaniawerft","Point(2.3 52.716666666)","Okręty podwodne typu UBI"
"German submarine U-541",,"Point(-7.58333333 55.63333333)",
"German submarine U-194","AG Weser","Point(-26.3 59.0)",
"German submarine U-1224",,"Point(-33.21638889 18.13305556)",
"German submarine U-547",,,
"German submarine U-546",,"Point(-40.11666667 43.88333333)",
"German submarine U-189","AG Weser",,
"German submarine U-186","Deutsche Schiff- und Maschinenbau","Point(-31.81666667 41.9)",
"U-183","AG Weser","Point(112.867 -4.833)",
"German submarine U-889","AG Weser",,
"German submarine U-539","Deutsche Werft","Point(-7.95 55.63333333)",
"German submarine U-540",,"Point(-31.93333333 58.63333333)",
"German submarine U-545",,,
"German submarine U-187","AG Weser","Point(-36.58333333 50.2)",
"German submarine U-184","AG Weser","Point(-45.0 49.0)",
"German submarine U-535","Deutsche Werft","Point(-9.21666667 43.63333333)",
"German submarine U-536",,"Point(-19.65 43.83333333)",
"German submarine U-843","AG Weser","Point(11.38333333 57.53333333)",
"German submarine U-198","Deutsche Schiff- und Maschinenbau","Point(52.81666667 -3.58333333)","Okręty podwodne typu IXD-2"
"German submarine U-197","AG Weser","Point(42.6 -28.66666667)","Okręty podwodne typu IXD-2"
"German submarine U-193","AG Weser","Point(-9.71666667 45.63333333)",
"German submarine U-1225",,"Point(-0.83333333 63.0)",
"German submarine U-803",,"Point(14.28333333 53.91666667)",
"German submarine U-1227",,,
"German submarine U-1226",,"Point(-20.0 56.0)",
"German submarine U-548",,,
"German submarine U-528","Deutsche Werft","Point(-14.73333333 46.91666667)",
"German submarine U-178","Deutsche Schiff- und Maschinenbau",,
"German submarine U-538",,"Point(-19.58333333 45.66666667)",
"U-537","Deutsche Werft","Point(115.28333333 -7.21666667)",
"German submarine U-221","Friedrich Krupp Germaniawerft","Point(18.0 47.0)","Okręty podwodne typu VIIC"
"U-249",,,"Okręty podwodne typu VIIC"
"U-486",,"Point(4.65 60.73333333)","Okręty podwodne typu VIIC"
"U-954","Blohm + Voss","Point(-34.31666667 54.9)","Okręty podwodne typu VIIC"
"German submarine U-340","Nordseewerke","Point(-6.61666667 35.55)","Okręty podwodne typu VIIC"
"U-291",,"Point(-9.13333333 55.83333333)","Okręty podwodne typu VIIC"
"U-313",,"Point(-8.4 55.66666667)","Okręty podwodne typu VIIC"
"U-312",,"Point(-7.9 55.58333333)","Okręty podwodne typu VIIC"
"German submarine U-260","Bremer Vulkan","Point(-9.08333333 51.25)","Okręty podwodne typu VIIC"
"German submarine U-280",,"Point(-27.53333333 49.18333333)","Okręty podwodne typu VIIC"
"German submarine U-454","Deutsche Werke",,"Okręty podwodne typu VIIC"
"SM U-26",,"Point(25.83333333 59.66666667)",
"German submarine U-521","Deutsche Werft","Point(-73.26666667 37.71666667)",
"German submarine U-460","Deutsche Werke","Point(-28.966666666 43.3)","Okręty podwodne typu XIV"
"German submarine U-660","Howaldtswerke-Deutsche Werft","Point(-1.0 36.1167)","Okręty podwodne typu VIIC"
"SM UB-18","Blohm + Voss","Point(5.78333333 49.28333333)","Okręty podwodne typu UBII"
"SM UB-45","AG Weser","Point(28.15 43.2)","Okręty podwodne typu UBII"
"SM UB-5","Friedrich Krupp Germaniawerft",,"Okręty podwodne typu UBI"
"SM UB-40","Blohm + Voss","Point(2.93333333 51.51666667)","Okręty podwodne typu UBII"
"SM UB-65","AG Vulcan Stettin","Point(-5.005 50.611)","Okręty podwodne typu UBIII"
"SM UB-81","AG Weser","Point(-0.883333 50.45)","Okręty podwodne typu UBIII"
"SM UC-71","Blohm + Voss","Point(7.9 54.16666667)","okręty podwodne typu UC II"
"SM U-103","AG Weser","Point(-4.85 49.26666667)",
"SM U-118","AG Vulcan Stettin",,"okręty podwodne typu UE II"
"SM U-152","Friedrich Krupp Germaniawerft",,"okręty podwodne typu U 151"
"SM U-152","Reiherstieg Schiffswerfte & Maschinenfabrik",,"okręty podwodne typu U 151"
"SM U-156","Friedrich Krupp Germaniawerft",,"okręty podwodne typu U 151"
"SM U-156","Atlas Werke",,"okręty podwodne typu U 151"
"SM U-17","Kaiserliche Werft Gdańsk",,"German Type U 17 submarine"
"SM U-18","Kaiserliche Werft Gdańsk","Point(-2.91666667 58.68333333)","German Type U 17 submarine"
"SM U-30","Kaiserliche Werft Gdańsk","Point(6.66833333 53.55194444)",
"SM U-32","Friedrich Krupp Germaniawerft","Point(13.28 36.07)","Okręty podwodne typu U-31"
"SM U-34","Friedrich Krupp Germaniawerft",,"Okręty podwodne typu U-31"
"SM U-38","Friedrich Krupp Germaniawerft",,"Okręty podwodne typu U-31"
"SM U-4","Kaiserliche Werft Gdańsk",,
"SM U-41",,"Point(-7.33333333 49.16666667)","Okręty podwodne typu U-31"
"SM U-45","Kaiserliche Werft Gdańsk",,
"SM U-49","Kaiserliche Werft Gdańsk","Point(-14.7 46.28333333)",
"SM U-50","Kaiserliche Werft Gdańsk","Point(4.16666667 55.25)",
"SM U-54",,,
"SM U-59","AG Weser","Point(7.25 55.55)",
"SM U-60","AG Weser",,
"SM U-62","AG Weser",,
"Niemiecki okręt podwodny U-72","Bremer Vulkan","Point(18.68333333 42.5)","okręty podwodne typu UE I"
"Niemiecki okręt podwodny U-73","Kaiserliche Werft Gdańsk","Point(13.83333333 44.86666667)","okręty podwodne typu UE I"
"Niemiecki okręt podwodny U-81","Friedrich Krupp Germaniawerft","Point(-13.63333333 51.55)",
"U-378","Howaldtswerke-Deutsche Werft","Point(-28.45 47.6667)","Okręty podwodne typu VIIC"
"German submarine U-758","Kriegsmarinewerft Wilhelmshaven",,"Okręty podwodne typu VIIC"
"German submarine U-353","Flensburger Schiffbau-Gesellschaft","Point(-29.5 53.9)","Okręty podwodne typu VIIC"
"German submarine U-578","Blohm + Voss",,"Okręty podwodne typu VIIC"
"U-462","Deutsche Werke","Point(-10.966666666 45.55)","Okręty podwodne typu XIV"
"U-2324",,,
"German submarine U-608","Blohm + Voss","Point(-3.13333 46.5)","Okręty podwodne typu VIIC"
"German submarine U-574","Blohm + Voss",,"Okręty podwodne typu VIIC"
"German submarine U-210","Friedrich Krupp Germaniawerft","Point(-34.61666667 54.4)","Okręty podwodne typu VIIC"
"German submarine U-380","Howaldtswerke-Deutsche Werft","Point(-5.91666667 43.11666667)","Okręty podwodne typu VIIC"
"German submarine U-381","Howaldtswerke-Deutsche Werft",,"Okręty podwodne typu VIIC"
"German submarine U-304","Flender Werke","Point(-37.33333333 54.83333333)","Okręty podwodne typu VIIC"
"German submarine U-429",,,"Okręty podwodne typu VIIC"
"German submarine U-188","Deutsche Schiff- und Maschinenbau","Point(-0.566667 44.8333)",
"Q2394501",,,
"HMS Meteorite",,,
"U-512","Deutsche Werft","Point(-52.41666667 6.83333333)",
"German submarine U-501","Deutsche Werft","Point(-37.83333333 62.83333333)",
"German submarine U-510","Deutsche Werft",,"Okręty podwodne typu IX"
"German submarine U-D3",,,
"German submarine U-177","AG Weser","Point(-23.25 -10.58333333)",
"German submarine U-1003",,"Point(-6.88333333 55.41666667)",
"U-1005",,"Point(-8.45 55.55)",
"German submarine U-1008",,"Point(10.85 56.23333333)",
"German submarine U-1199",,"Point(-5.7 49.95)","German Type VIIC/41 submarine"
"German submarine U-252","Bremer Vulkan",,"Okręty podwodne typu VIIC"
"German submarine U-420","Danziger Werft","Point(-21.0 48.0)","Okręty podwodne typu VIIC"
"German submarine U-703","H. C. Stülcken Sohn",,"Okręty podwodne typu VIIC"
"U-321",,,"German Type VIIC/41 submarine"
"German submarine U-475",,,"Okręty podwodne typu VIIC"
"German submarine U-164","Deutsche Schiff- und Maschinenbau","Point(-39.3667 -1.96667)",
"German submarine U-164","Deutsche Schiff- und Maschinenbau","Point(-39.36666667 -1.96666667)",
"German submarine U-656","Howaldtswerke-Deutsche Werft",,"Okręty podwodne typu VIIC"
"German submarine U-651","Howaldtswerke-Deutsche Werft","Point(-18.6 59.86666667)","Okręty podwodne typu VIIC"
"German submarine U-1276",,"Point(-7.11666667 51.8)","German Type VIIC/41 submarine"
"German submarine U-2371",,,
"German submarine U-163","Deutsche Schiff- und Maschinenbau","Point(-15.0 45.08333333)",
"SM U-40","Friedrich Krupp Germaniawerft",,"Okręty podwodne typu U-31"
"SM UB-2","Friedrich Krupp Germaniawerft",,"Okręty podwodne typu UBI"
"German submarine U-162","Deutsche Schiff- und Maschinenbau","Point(-59.48333333 12.35)",
"German submarine U-736",,"Point(-4.26666667 47.31666667)","Okręty podwodne typu VIIC"
"German submarine U-575","Blohm + Voss",,"Okręty podwodne typu VIIC"
"German submarine U-741",,"Point(-0.6 50.0333)","Okręty podwodne typu VIIC"
"German submarine U-714","H. C. Stülcken Sohn","Point(-1.57 55.57)","Okręty podwodne typu VIIC"
"U-764",,"Point(-9.0 56.1)","typu VII"
"U-764",,"Point(-9.0 56.1)","Okręty podwodne typu VIIC"
"German submarine U-487","Friedrich Krupp Germaniawerft","Point(-34.3 27.25)","Okręty podwodne typu XIV"
"U-A","Friedrich Krupp Germaniawerft",,
"German submarine U-1000","Blohm + Voss",,"German Type VIIC/41 submarine"
"German submarine U-973",,"Point(5.8 70.66666667)","Okręty podwodne typu VIIC"
"German submarine U-650","Blohm + Voss",,
"German submarine U-282",,"Point(-31.95 55.46666667)","Okręty podwodne typu VIIC"
"SM U-23","Friedrich Krupp Germaniawerft","Point(0.23333333 58.91666667)",
"U-907",,"Point(-5.98333333 55.28333333)",
"German submarine U-880",,"Point(-30.4333 47.8833)","Okręty podwodne typu IXC/40"
"German submarine U-854",,"Point(14.2667 54.0167)","Okręty podwodne typu IXC/40"
"German submarine U-33","Howaldtswerke-Deutsche Werft",,
"Q878847",,,
"U-9",,"Point(8.44638889 49.3125)","Type 205 submarine"
"German submarine U-409","Danziger Werft","Point(4.0 37.2)","Okręty podwodne typu VIIC"
"German submarine U-204","Friedrich Krupp Germaniawerft","Point(-6.03333333 35.76666667)","Okręty podwodne typu VIIC"
"German submarine U-3044",,,
"German submarine U-518","Deutsche Werft","Point(-38.38333333 43.43333333)",
"U-581","Blohm + Voss",,"Okręty podwodne typu VIIC"
"German submarine U-1007",,,
"German submarine U-561","Blohm + Voss","Point(15.65 38.266667)","Okręty podwodne typu VIIC"
"Q1276580",,,"Type 205 submarine"
"Manta",,,
"SM U-76","Bremer Vulkan","Point(23.0 71.0)","okręty podwodne typu UE I"
"German submarine U-248",,,"Okręty podwodne typu VIIC"
"SM U-24","Friedrich Krupp Germaniawerft",,
"SM U-25",,,
"Schwertwal",,,
"German submarine U-740","Schichau-Werke",,
"German submarine U-584","Blohm + Voss","Point(-31.9167 49.2333)","Okręty podwodne typu VIIC"
"Q1423871",,,"Okręty podwodne typu 206"
"SM UB-88","AG Vulcan Stettin",,"Okręty podwodne typu UBIII"
"SM U-36","Friedrich Krupp Germaniawerft",,"Okręty podwodne typu U-31"
"German submarine U-196","AG Weser",,"Okręty podwodne typu IXD-2"
"Q1495256",,,"Okręty podwodne typu 206"
"SM U-65","Friedrich Krupp Germaniawerft",,
"German submarine U-453","Deutsche Werke","Point(16.5 38.2167)","Okręty podwodne typu VIIC"
"German submarine U-925",,,
"Q1566337",,"Point(11.1925 54.41916667)","Type 205 submarine"
"German submarine U-2340",,,
"German submarine U-665","Deutsche Werft","Point(-10.4333 48.0667)","Okręty podwodne typu VIIC"
"SM UB-3","Friedrich Krupp Germaniawerft",,"Okręty podwodne typu UBI"
"SM U-56","Friedrich Krupp Germaniawerft",,
"Q1686754",,,
"German submarine U-167 (1942)","Deutsche Schiff- und Maschinenbau","Point(111.28 -6.2)","Okręty podwodne typu IXC/40"
"SM U-71","Bremer Vulkan",,"okręty podwodne typu UE I"
"SM U-78","Bremer Vulkan","Point(5.13333333 56.03333333)","okręty podwodne typu UE I"
"French submarine Favorite","Rouen",,
"SM U-37",,"Point(-1.8 51.0667)","Okręty podwodne typu U-31"
"SM U-44","Kaiserliche Werft Gdańsk","Point(4.33333333 58.83333333)",
"SM U-57",,,
"German submarine U-527",,,
"SM U-77","Bremer Vulkan",,"okręty podwodne typu UE I"
"German submarine U-173","AG Weser","Point(-7.583333 33.666667)",
"German submarine U-376","Howaldtswerke-Deutsche Werft","Point(-9.0 46.8)","Okręty podwodne typu VIIC"
"German submarine U-332","Nordseewerke","Point(-8.96666667 44.8)","Okręty podwodne typu VIIC"
"U-514","Deutsche Werft",,"Okręty podwodne typu IXC"
"Q1965484","Q318326",,
"German submarine U-502","Deutsche Werft","Point(-6.66666667 46.16666667)",
"German submarine U-444","Schichau-Werke","Point(-29.3 51.23333333)","Okręty podwodne typu VIIC"
"German submarine U-279",,"Point(-26.5 60.6667)","Okręty podwodne typu VIIC"
"German submarine U-174","AG Weser","Point(-56.3 43.58333333)",
"German submarine U-520","Deutsche Werft","Point(-49.83333333 47.78333333)",
"German submarine U-523","Deutsche Werft","Point(-18.03333333 42.05)",
"German submarine U-524",,"Point(-18.21666667 30.25)",
"German submarine U-509","Deutsche Werft","Point(-26.01666667 34.03333333)",
"German submarine U-508",,"Point(-7.5 46.0)",
"German submarine U-503","Deutsche Werft","Point(-48.83333333 45.83333333)",
"German submarine U-176","AG Weser","Point(-80.3 23.35)",
"German submarine U-517","Deutsche Werft","Point(-17.15 46.26666667)",
"German submarine U-516",,"Point(-9.0 56.1)",
"German submarine U-617","Blohm + Voss","Point(-3.45 35.63333333)","Okręty podwodne typu VIIC"
"German submarine U-844","AG Weser","Point(-27.26666667 58.5)",
"German submarine U-192","AG Weser","Point(-45.7333 53.1)",
"German submarine U-191","AG Weser",,
"German submarine U-542",,,
"German submarine U-529","Deutsche Werft","Point(-31.15 55.75)",
"German submarine U-199","AG Weser","Point(-42.9 -23.9)","Okręty podwodne typu IXD-2"
"German submarine U-532",,"Point(-10.11666667 56.13333333)",
"German submarine U-531","Deutsche Werft","Point(-45.3 52.8)",
"German submarine U-169","Deutsche Schiff- und Maschinenbau",,"Okręty podwodne typu IXC/40"
"German submarine U-208",,,"Okręty podwodne typu VIIC"
"Q2472241",,,"Okręty podwodne typu 206"
"Q2472247",,,"Okręty podwodne typu 206"
"U-2514",,,
"Q2472268",,,"Okręty podwodne typu 206"
"German submarine U-300",,"Point(-8.33333333 36.48333333)","German Type VIIC/41 submarine"
"German submarine U-3504",,,
"U-439","Schichau-Werke",,"Okręty podwodne typu VIIC"
"German submarine U-565","Blohm + Voss","Point(23.66666667 37.95)","Okręty podwodne typu VIIC"
"German submarine U-572","Blohm + Voss","Point(-54.08333333 11.58333333)","Okręty podwodne typu VIIC"
"German submarine U-597","Blohm + Voss","Point(-28.083333 56.833333)","typu VII"
"German submarine U-597","Blohm + Voss","Point(-28.083333 56.833333)","Okręty podwodne typu VIIC"
"German submarine U-722",,"Point(-6.91667 57.15)","Okręty podwodne typu VIIC"
"German submarine U-743",,,
"German submarine U-963","Blohm + Voss","Point(-9.083333 39.6)",
"German submarine U-971",,"Point(-5.58333333 49.01666667)",
"German submarine U-984",,"Point(-5.55 48.2667)","Okręty podwodne typu VIIC"
"German submarine U-989",,"Point(-1.58333 61.6)","Okręty podwodne typu VIIC"
"Q2472508",,,
"German submarine U-D4",,,
"U-1059",,"Point(-33.44 13.1)","German Type VIIF submarine"
"German submarine U-229","Friedrich Krupp Germaniawerft","Point(-36.41666667 54.6)","Okręty podwodne typu VIIC"
"German submarine U-384","Howaldtswerke-Deutsche Werft",,"Okręty podwodne typu VIIC"
"U-278","Bremer Vulkan","Point(-8.35 55.73333333)","Okręty podwodne typu VIIC"
"U-254","Bremer Vulkan","Point(-40.0 55.0)","Okręty podwodne typu VIIC"
"U-281",,"Point(-10.08333333 55.83333333)","Okręty podwodne typu VIIC"
"German submarine U-753","Kriegsmarinewerft Wilhelmshaven","Point(-22.65 48.6167)","Okręty podwodne typu VIIC"
"German submarine U-402","Danziger Werft",,"Okręty podwodne typu VIIC"
"RO 500","Deutsche Werft",,
"German submarine U-585","Blohm + Voss",,"Okręty podwodne typu VIIC"
"U-185","AG Weser","Point(-37.1 27.0)",
"U-862","AG Weser","Point(-14.35 -20.05)","Okręty podwodne typu IXD-1"
"U-179","AG Weser","Point(17.08333333 -33.46666667)",
"German submarine U-341","Nordseewerke","Point(-25.5 58.56666667)","Okręty podwodne typu VIIC"
"German submarine U-431","Schichau-Werke","Point(0.583333 37.3833)","Okręty podwodne typu VIIC"
"U-567","Blohm + Voss","Point(-20.16666667 44.03333333)","Okręty podwodne typu VIIC"
"German submarine U-382","Howaldtswerke-Deutsche Werft",,"Okręty podwodne typu VIIC"
"German submarine U-513","Deutsche Werft","Point(-47.53333333 -27.28333333)",
"German submarine U-705","H. C. Stülcken Sohn",,"Okręty podwodne typu VIIC"
"German submarine U-849","Deutsche Schiff- und Maschinenbau","Point(-5.66666667 -6.5)",
"German submarine U-847","Deutsche Schiff- und Maschinenbau","Point(-37.96666667 28.31666667)",
"German submarine U-417","Danziger Werft","Point(-10.5 63.33333333)","Okręty podwodne typu VIIC"
"German submarine U-416","Danziger Werft",,"Okręty podwodne typu VIIC"
"German submarine U-415","Danziger Werft","Point(-4.5 48.4)","Okręty podwodne typu VIIC"
"German submarine U-418","Danziger Werft","Point(-8.91666667 47.08333333)","Okręty podwodne typu VIIC"
"German submarine U-412","Danziger Werft","Point(0.4 63.91666667)","Okręty podwodne typu VIIC"
"Niemiecki okręt podwodny U-79","Bremer Vulkan",,"okręty podwodne typu UE I"
"U-1009",,,
"German submarine U-600","Blohm + Voss","Point(-22.1167 40.5167)","Okręty podwodne typu VIIC"
"U-456","Deutsche Werke","Point(-26.9 46.65)","Okręty podwodne typu VIIC"
"U-233",,"Point(-59.81666667 42.26666667)",
"U-220",,,
"SM UC-8","AG Vulcan Stettin",,
"German submarine U-354","Flensburger Schiffbau-Gesellschaft",,"Okręty podwodne typu VIIC"
"German submarine U-390",,"Point(-0.8 49.86666667)","Okręty podwodne typu VIIC"
"SM UB-8","Friedrich Krupp Germaniawerft",,"Okręty podwodne typu UBI"
"German submarine U-1221",,"Point(10.1667 54.3333)","Okręty podwodne typu IXC/40"
"German submarine U-1223",,"Point(8.58333 53.5333)","Okręty podwodne typu IXC/40"
"German submarine U-1223",,"Point(8.58333333 53.53333333)","Okręty podwodne typu IXC/40"
"German submarine U-1222",,"Point(-5.48333 46.5167)","Okręty podwodne typu IXC/40"
"German submarine U-1228",,"Point(-69.6167 42.5333)","Okręty podwodne typu IXC/40"
"German submarine U-1229",,"Point(-51.65 42.33333333)","Okręty podwodne typu IXC/40"
"German submarine U-1232",,"Point(7.4 54.18333333)",
"German submarine U-1231",,,
"German submarine U-525",,"Point(111.28 -6.2)","Okręty podwodne typu IXC/40"
"German submarine U-525",,"Point(-38.91666667 41.48333333)","Okręty podwodne typu IXC/40"
"German submarine U-850","Deutsche Schiff- und Maschinenbau","Point(-37.01666667 32.9)",
"German submarine U-868","AG Weser",,
"German submarine U-863",,"Point(-25.5 -10.75)",
"German submarine U-870","AG Weser",,
"German submarine U-871",,,"Okręty podwodne typu IXD-2"
"German submarine U-874",,,"Okręty podwodne typu IXD-2"
"German submarine U-875",,,
"German submarine U-879",,"Point(-74.0 36.5667)","Okręty podwodne typu IXC/40"
"German submarine U-878",,"Point(-10.55 47.5833)","Okręty podwodne typu IXC/40"
"German submarine U-878",,"Point(-10.55 47.58333333)","Okręty podwodne typu IXC/40"
"German submarine U-877","AG Weser","Point(-36.63333333 46.41666667)",
"German submarine U-881","AG Weser","Point(-47.73333333 43.3)",
"U-2322",,,
"German submarine U-745",,"Point(27.0 59.75)","Okręty podwodne typu VIIC"
"SM UC-12","AG Weser",,
"U-1233",,"Point(-8.9 55.85)","Okręty podwodne typu IXC/40"
"German submarine U-1234",,"Point(9.48333333 54.83333333)",
"German submarine U-1235",,"Point(-30.4167 42.9)",
"German submarine U-209","Friedrich Krupp Germaniawerft","Point(-38.0 52.0)","Okręty podwodne typu VIIC"
"German submarine U-206","Friedrich Krupp Germaniawerft","Point(-2.66666667 47.08333333)","Okręty podwodne typu VIIC"
"German submarine U-205","Friedrich Krupp Germaniawerft","Point(22.01666667 32.93333333)","Okręty podwodne typu VIIC"
"German submarine U-207","Friedrich Krupp Germaniawerft",,"Okręty podwodne typu VIIC"
"U-212","Friedrich Krupp Germaniawerft","Point(-0.21666667 50.45)","Okręty podwodne typu VIIC"
"German submarine U-223","Friedrich Krupp Germaniawerft","Point(14.16666667 38.8)","Okręty podwodne typu VIIC"
"German submarine U-222","Friedrich Krupp Germaniawerft","Point(19.5 54.41666667)","Okręty podwodne typu VIIC"
"German submarine U-224","Friedrich Krupp Germaniawerft","Point(0.81666667 36.46666667)","Okręty podwodne typu VIIC"
"German submarine U-225","Friedrich Krupp Germaniawerft","Point(-27.46666667 51.41666667)","Okręty podwodne typu VIIC"
"German submarine U-227","Friedrich Krupp Germaniawerft","Point(-6.66666667 64.08333333)","Okręty podwodne typu VIIC"
"German submarine U-227","Friedrich Krupp Germaniawerft","Point(-6.66666667 64.66666667)","Okręty podwodne typu VIIC"
"German submarine U-228","Friedrich Krupp Germaniawerft",,"Okręty podwodne typu VIIC"
"German submarine U-217","Friedrich Krupp Germaniawerft","Point(-42.83333333 30.3)","Okręty podwodne typu VIID"
"German submarine U-231","Friedrich Krupp Germaniawerft","Point(-20.63333333 44.25)","Okręty podwodne typu VIIC"
"German submarine U-235","Friedrich Krupp Germaniawerft","Point(10.65 57.73333333)","Okręty podwodne typu VIIC"
"German submarine U-241",,,"Okręty podwodne typu VIIC"
"German submarine U-240",,,"Okręty podwodne typu VIIC"
"German submarine U-243",,"Point(-6.66666667 47.1)","Okręty podwodne typu VIIC"
"German submarine U-246",,"Point(-4.88333333 53.66666667)","Okręty podwodne typu VIIC"
"German submarine U-259","Bremer Vulkan","Point(3.08333333 37.33333333)","Okręty podwodne typu VIIC"
"German submarine U-261","Bremer Vulkan","Point(-9.46666667 59.83333333)","Okręty podwodne typu VIIC"
"German submarine U-253","Bremer Vulkan","Point(-23.0 66.99997222)","Okręty podwodne typu VIIC"
"German submarine U-265","Bremer Vulkan","Point(-22.81666667 56.58333333)","Okręty podwodne typu VIIC"
"German submarine U-267","Bremer Vulkan",,"Okręty podwodne typu VIIC"
"German submarine U-257","Bremer Vulkan","Point(-26.0 47.31666667)","Okręty podwodne typu VIIC"
"German submarine U-262","Bremer Vulkan",,"Okręty podwodne typu VIIC"
"German submarine U-271","Bremer Vulkan","Point(-15.86666667 53.25)","Okręty podwodne typu VIIC"
"German submarine U-266",,,"Okręty podwodne typu VIIC"
"German submarine U-268","Bremer Vulkan","Point(-5.93333333 47.05)","Okręty podwodne typu VIIC"
"German submarine U-269","Bremer Vulkan","Point(-2.98333333 50.01666667)","Okręty podwodne typu VIIC"
"German submarine U-273","Bremer Vulkan","Point(-24.55 59.41666667)","Okręty podwodne typu VIIC"
"German submarine U-274","Bremer Vulkan","Point(-27.83333333 57.23333333)","Okręty podwodne typu VIIC"
"German submarine U-275",,"Point(0.06666667 50.6)","Okręty podwodne typu VIIC"
"German submarine U-276","Bremer Vulkan",,"Okręty podwodne typu VIIC"
"German submarine U-277","Bremer Vulkan","Point(15.53333333 73.4)","typu VII"
"German submarine U-277","Bremer Vulkan","Point(15.53333333 73.4)","Okręty podwodne typu VIIC"
"German submarine U-283",,"Point(-12.83333333 60.75)","Okręty podwodne typu VIIC"
"German submarine U-284",,"Point(-30.38333333 55.06666667)","Okręty podwodne typu VIIC"
"German submarine U-286",,"Point(33.61666667 69.48333333)","Okręty podwodne typu VIIC"
"German submarine U-289",,"Point(0.46666667 73.53333333)","Okręty podwodne typu VIIC"
"German submarine U-288",,,"Okręty podwodne typu VIIC"
"German submarine U-290",,,"Okręty podwodne typu VIIC"
"U-301","Flender Werke","Point(7.06666667 41.45)","Okręty podwodne typu VIIC"
"German submarine U-302","Flender Werke","Point(-35.18333333 45.08333333)","Okręty podwodne typu VIIC"
"U-303","Flender Werke","Point(6.0 42.83333333)","Okręty podwodne typu VIIC"
"German submarine U-307","Flender Werke","Point(33.44 69.24)","Okręty podwodne typu VIIC"
"German submarine U-306","Flender Werke",,"Okręty podwodne typu VIIC"
"U-308","Flender Werke","Point(-3.15 64.46666667)","Okręty podwodne typu VIIC"
"German submarine U-311",,"Point(-19.1167 52.15)","Okręty podwodne typu VIIC"
"German submarine U-310",,,"Okręty podwodne typu VIIC"
"German submarine U-314",,"Point(24.5 73.68333333)","Okręty podwodne typu VIIC"
"German submarine U-315",,,"Okręty podwodne typu VIIC"
"German submarine U-316",,"Point(10.88333333 53.96666667)","Okręty podwodne typu VIIC"
"German submarine U-334","Nordseewerke","Point(-28.33333333 58.26666667)","Okręty podwodne typu VIIC"
"U-335","Nordseewerke","Point(-0.2 62.8)","Okręty podwodne typu VIIC"
"German submarine U-336","Nordseewerke","Point(-27.2833 62.7167)","Okręty podwodne typu VIIC"
"German submarine U-337","Nordseewerke","Point(-12.0 63.0)","Okręty podwodne typu VIIC"
"German submarine U-339","Nordseewerke",,"Okręty podwodne typu VIIC"
"German submarine U-342","Nordseewerke","Point(-29.33333333 60.53333333)","Okręty podwodne typu VIIC"
"German submarine U-343","Nordseewerke","Point(9.68333333 38.11666667)","Okręty podwodne typu VIIC"
"German submarine U-344","Nordseewerke","Point(15.4333 74.9)","Okręty podwodne typu VIIC"
"German submarine U-345","Nordseewerke",,"Okręty podwodne typu VIIC"
"German submarine U-346","Nordseewerke","Point(19.83333333 54.41666667)","Okręty podwodne typu VIIC"
"German submarine U-347","Nordseewerke",,"Okręty podwodne typu VIIC"
"German submarine U-348","Nordseewerke",,"Okręty podwodne typu VIIC"
"German submarine U-349","Nordseewerke",,"Okręty podwodne typu VIIC"
"German submarine U-356","Flensburger Schiffbau-Gesellschaft","Point(-25.66666667 43.5)","Okręty podwodne typu VIIC"
"German submarine U-356","Flensburger Schiffbau-Gesellschaft","Point(-25.66666667 45.5)","Okręty podwodne typu VIIC"
"German submarine U-350","Nordseewerke",,"Okręty podwodne typu VIIC"
"German submarine U-351","Flensburger Schiffbau-Gesellschaft",,"Okręty podwodne typu VIIC"
"German submarine U-357","Flensburger Schiffbau-Gesellschaft","Point(-15.66666667 57.16666667)","Okręty podwodne typu VIIC"
"German submarine U-359","Flensburger Schiffbau-Gesellschaft",,"Okręty podwodne typu VIIC"
"German submarine U-360",,"Point(13.06666667 72.46666667)","Okręty podwodne typu VIIC"
"German submarine U-361","Flensburger Schiffbau-Gesellschaft",,"Okręty podwodne typu VIIC"
"German submarine U-362","Flensburger Schiffbau-Gesellschaft","Point(89.45 75.85)","Okręty podwodne typu VIIC"
"German submarine U-364",,,"Okręty podwodne typu VIIC"
"German submarine U-366",,,"Okręty podwodne typu VIIC"
"German submarine U-367",,"Point(18.83333333 54.41666667)","Okręty podwodne typu VIIC"
"U-368","Flensburger Schiffbau-Gesellschaft","Point(-10.61666667 56.23333333)","Okręty podwodne typu VIIC"
"U-369",,"Point(-7.45 55.51666667)","Okręty podwodne typu VIIC"
"U-374","Howaldtswerke-Deutsche Werft","Point(16.0 37.8333)","Okręty podwodne typu VIIC"
"German submarine U-372","Howaldtswerke-Deutsche Werft","Point(34.61666667 32.46666667)","Okręty podwodne typu VIIC"
"German submarine U-375","Howaldtswerke-Deutsche Werft","Point(12.46666667 36.66666667)","Okręty podwodne typu VIIC"
"German submarine U-371","Howaldtswerke-Deutsche Werft","Point(5.65 37.81666667)","Okręty podwodne typu VIIC"
"German submarine U-370",,,"Okręty podwodne typu VIIC"
"German submarine U-377","Howaldtswerke-Deutsche Werft","Point(-20.16666667 49.65)","Okręty podwodne typu VIIC"
"German submarine U-383","Howaldtswerke-Deutsche Werft","Point(-12.16666667 47.4)","Okręty podwodne typu VIIC"
"German submarine U-385","Howaldtswerke-Deutsche Werft",,"Okręty podwodne typu VIIC"
"German submarine U-387","Howaldtswerke-Deutsche Werft","Point(33.2 69.68333333)","Okręty podwodne typu VIIC"
"German submarine U-386","Howaldtswerke-Deutsche Werft",,"Okręty podwodne typu VIIC"
"German submarine U-388","Howaldtswerke-Deutsche Werft","Point(-31.33333333 57.6)","Okręty podwodne typu VIIC"
"German submarine U-392",,"Point(-5.68333333 35.91666667)","Okręty podwodne typu VIIC"
"German submarine U-394",,"Point(4.16666667 69.78333333)","Okręty podwodne typu VIIC"
"German submarine U-391",,,"Okręty podwodne typu VIIC"
"German submarine U-398","Howaldtswerke-Deutsche Werft",,"Okręty podwodne typu VIIC"
"German submarine U-397",,,"Okręty podwodne typu VIIC"
"German submarine U-401","Danziger Werft","Point(-19.83333333 50.45)","Okręty podwodne typu VIIC"
"German submarine U-403","Danziger Werft",,"Okręty podwodne typu VIIC"
"German submarine U-405","Danziger Werft","Point(-31.23333333 49.0)","Okręty podwodne typu VIIC"
"German submarine U-410","Danziger Werft","Point(13.25 40.55)","Okręty podwodne typu VIIC"
"German submarine U-410","Danziger Werft","Point(13.25 40.55)","German Type VIIC/41 submarine"
"German submarine U-794",,"Point(9.81667 54.8)",
"U-804","Deutsche Schiff- und Maschinenbau","Point(11.25 57.96666667)","Okręty podwodne typu IXC/40"
"U-804","Deutsche Schiff- und Maschinenbau","Point(11.25 57.9667)","Okręty podwodne typu IXC/40"
"German submarine U-858","AG Weser",,
"German submarine U-867","AG Weser","Point(1.83333333 62.25)","Okręty podwodne typu IXC/40"
"German submarine U-884","AG Weser",,"Okręty podwodne typu IXD-1"
"HMS H6",,,"brytyjskie okręty podwodne typu H"
"German submarine U-389","Howaldtswerke-Deutsche Werft","Point(-28.43333333 60.85)","Okręty podwodne typu VIIC"
"French submarine Laubie","Kriegsmarinewerft Wilhelmshaven",,"Okręty podwodne typu VIIC"
"German submarine U-1018","Blohm + Voss","Point(-5.36666667 49.91666667)","German Type VIIC/41 submarine"
"U-1022",,,"German Type VIIC/41 submarine"
"U-1023",,,"German Type VIIC/41 submarine"
"German submarine U-1063",,"Point(-3.89 50.14833333)","German Type VIIC/41 submarine"
"U-1060",,"Point(12.0 65.4)","German Type VIIF submarine"
"German submarine U-1195",,"Point(-0.93828056 50.55618333)","Okręty podwodne typu VIIC"
"U-1206",,"Point(-1.65 57.35)","Okręty podwodne typu VIIC"
"German submarine U-1302","Flensburger Schiffbau-Gesellschaft","Point(-5.38333333 52.31666667)","German Type VIIC/41 submarine"
"German submarine U-1308","Flensburger Schiffbau-Gesellschaft","Point(9.43517 54.8083)","German Type VIIC/41 submarine"
"U-213","Friedrich Krupp Germaniawerft","Point(-22.83333333 36.75)","Okręty podwodne typu VIID"
"U-215","Friedrich Krupp Germaniawerft","Point(-66.379972222 41.479972222)","Okręty podwodne typu VIID"
"U-216","Friedrich Krupp Germaniawerft","Point(-19.41666667 48.35)","Okręty podwodne typu VIID"
"U-218","Friedrich Krupp Germaniawerft","Point(-7.3 55.46666667)","Okręty podwodne typu VIID"
"German submarine U-2323",,"Point(10.18333333 54.38333333)",
"German submarine U-2331",,"Point(18.0 54.0)",
"U-2321",,,
"German submarine U-2342",,"Point(14.33333333 54.01666667)",
"German submarine U-2344",,"Point(11.80833333 54.26666667)",
"U-2501",,"Point(9.95 53.5333)","Okręty podwodne typu XXI"
"German submarine U-272","Bremer Vulkan",,"Okręty podwodne typu VIIC"
"German submarine U-292",,"Point(0.95 62.6167)","German Type VIIC/41 submarine"
"German submarine U-297",,,"German Type VIIC/41 submarine"
"U-295",,,"German Type VIIC/41 submarine"
"U-294",,,"German Type VIIC/41 submarine"
"U-298",,"Point(-7.9 55.58333333)","German Type VIIC/41 submarine"
"U-299",,,"German Type VIIC/41 submarine"
"German submarine U-317",,"Point(1.75 62.05)","German Type VIIC/41 submarine"
"German submarine U-319",,,"German Type VIIC/41 submarine"
"German submarine U-322",,,"German Type VIIC/41 submarine"
"German submarine U-323",,,"German Type VIIC/41 submarine"
"German submarine U-324",,,"German Type VIIC/41 submarine"
"German submarine U-327",,,"German Type VIIC/41 submarine"
"U-328",,,"German Type VIIC/41 submarine"
"German submarine U-3506",,,
"German submarine U-393",,,"Okręty podwodne typu VIIC"
"German submarine U-419","Danziger Werft",,"Okręty podwodne typu VIIC"
"German submarine U-426",,,"Okręty podwodne typu VIIC"
"German submarine U-423","Danziger Werft",,"Okręty podwodne typu VIIC"
"German submarine U-424","Danziger Werft",,"Okręty podwodne typu VIIC"
"German submarine U-425",,,"Okręty podwodne typu VIIC"
"German submarine U-428",,,"Okręty podwodne typu VIIC"
"U-427",,"Point(-9.58333333 56.06666667)","Okręty podwodne typu VIIC"
"German submarine U-436","Schichau-Werke",,"Okręty podwodne typu VIIC"
"German submarine U-438","Schichau-Werke","Point(-45.16666667 52.0)","Okręty podwodne typu VIIC"
"German submarine U-443","Schichau-Werke","Point(2.41666667 36.91666667)","Okręty podwodne typu VIIC"
"German submarine U-445","Schichau-Werke",,"Okręty podwodne typu VIIC"
"German submarine U-446",,,"Okręty podwodne typu VIIC"
"German submarine U-448","Schichau-Werke",,"Okręty podwodne typu VIIC"
"German submarine U-451",,"Point(-6.13333333 35.91666667)","Okręty podwodne typu VIIC"
"German submarine U-451",,"Point(-6.13333 35.9167)","Okręty podwodne typu VIIC"
"German submarine U-452","Deutsche Werke",,"Okręty podwodne typu VIIC"
"German submarine U-455","Deutsche Werke","Point(9.85 44.06666667)","Okręty podwodne typu VIIC"
"German submarine U-457","Deutsche Werke",,"Okręty podwodne typu VIIC"
"German submarine U-461","Deutsche Werke","Point(-10.8 45.55)","Okręty podwodne typu XIV"
"German submarine U-466","Deutsche Werke",,"Okręty podwodne typu VIIC"
"German submarine U-467",,,"Okręty podwodne typu VIIC"
"German submarine U-468","Deutsche Werke","Point(-20.11666667 12.33333333)","Okręty podwodne typu VIIC"
"German submarine U-465","Deutsche Werke",,"Okręty podwodne typu VIIC"
"German submarine U-469",,"Point(-16.6667 62.2)","Okręty podwodne typu VIIC"
"German submarine U-470","Deutsche Werke",,"Okręty podwodne typu VIIC"
"German submarine U-472","Deutsche Werke",,"Okręty podwodne typu VIIC"
"German submarine U-476",,,"Okręty podwodne typu VIIC"
"German submarine U-477",,,"Okręty podwodne typu VIIC"
"German submarine U-479","Deutsche Werke","Point(23.1667 59.3333)","Okręty podwodne typu VIIC"
"German submarine U-482",,,"Okręty podwodne typu VIIC"
"German submarine U-484",,,"Okręty podwodne typu VIIC"
"U-481",,"Point(-10.0 56.18333333)","Okręty podwodne typu VIIC"
"U-483",,,"Okręty podwodne typu VIIC"
"U-485",,,"Okręty podwodne typu VIIC"
"German submarine U-526","Deutsche Werft","Point(111.28 -6.2)","Okręty podwodne typu IXC/40"
"German submarine U-554","Blohm + Voss","Point(8.16666667 53.85)","Okręty podwodne typu VIIC"
"German submarine U-555","Blohm + Voss",,"Okręty podwodne typu VIIC"
"German submarine U-560","Blohm + Voss",,"Okręty podwodne typu VIIC"
"German submarine U-569","Blohm + Voss",,"Okręty podwodne typu VIIC"
"U-576","Blohm + Voss","Point(-75.21722222 34.50166667)","Okręty podwodne typu VIIC"
"German submarine U-582","Blohm + Voss",,"Okręty podwodne typu VIIC"
"German submarine U-580","Blohm + Voss","Point(-20.66666667 55.75)","Okręty podwodne typu VIIC"
"German submarine U-583","Blohm + Voss",,"Okręty podwodne typu VIIC"
"German submarine U-588","Blohm + Voss",,"Okręty podwodne typu VIIC"
"German submarine U-590","Blohm + Voss",,"Okręty podwodne typu VIIC"
"German submarine U-596","Blohm + Voss","Point(23.56666667 37.98333333)","Okręty podwodne typu VIIC"
"U-589","Blohm + Voss",,"Okręty podwodne typu VIIC"
"German submarine U-598","Blohm + Voss",,"Okręty podwodne typu VIIC"
"German submarine U-601","Blohm + Voss","Point(12.6667 70.4333)","Okręty podwodne typu VIIC"
"German submarine U-612","Blohm + Voss","Point(12.08333333 54.18333333)","Okręty podwodne typu VIIC"
"German submarine U-610","Blohm + Voss",,"Okręty podwodne typu VIIC"
"German submarine U-607","Blohm + Voss","Point(-9.23333 45.0333)","Okręty podwodne typu VIIC"
"German submarine U-615","Blohm + Voss","Point(-64.25 12.6333)","Okręty podwodne typu VIIC"
"German submarine U-625","Blohm + Voss","Point(-20.31666667 52.58333333)","Okręty podwodne typu VIIC"
"German submarine U-702","H. C. Stülcken Sohn","Point(2.38833 59.93)","Okręty podwodne typu VIIC"
"German submarine U-704","H. C. Stülcken Sohn",,"Okręty podwodne typu VIIC"
"German submarine U-712","H. C. Stülcken Sohn",,"Okręty podwodne typu VIIC"
"German submarine U-718",,"Point(15.4 55.35)","Okręty podwodne typu VIIC"
"U-716",,,"Okręty podwodne typu VIIC"
"German submarine U-735","Schichau-Werke",,"Okręty podwodne typu VIIC"
"German submarine U-750",,,"Okręty podwodne typu VIIC"
"German submarine U-756","Kriegsmarinewerft Wilhelmshaven","Point(-27.55 58.1333)","Okręty podwodne typu VIIC"
"German submarine U-755","Kriegsmarinewerft Wilhelmshaven","Point(1.68333 39.9667)","Okręty podwodne typu VIIC"
"U-754","Kriegsmarinewerft Wilhelmshaven",,"Okręty podwodne typu VIIC"
"German submarine U-759","Kriegsmarinewerft Wilhelmshaven","Point(-73.73333333 15.96666667)","Okręty podwodne typu VIIC"
"German submarine U-765",,"Point(-28.46666667 52.5)","Okręty podwodne typu VIIC"
"German submarine U-768","Kriegsmarinewerft Wilhelmshaven","Point(19.25 54.5)","Okręty podwodne typu VIIC"
"U-760","Kriegsmarinewerft Wilhelmshaven",,"Okręty podwodne typu VIIC"
"U-771","Kriegsmarinewerft Wilhelmshaven",,"Okręty podwodne typu VIIC"
"German submarine U-772","Kriegsmarinewerft Wilhelmshaven","Point(-8.08333333 51.26666667)","Okręty podwodne typu VIIC"
"U-778","Kriegsmarinewerft Wilhelmshaven","Point(-7.11666667 55.53333333)","Okręty podwodne typu VIIC"
"German submarine U-827",,,"German Type VIIC/41 submarine"
"German submarine U-821","Stettiner Oderwerke","Point(-5.18333333 48.51666667)","Okręty podwodne typu VIIC"
"German submarine U-857","AG Weser",,
"German submarine U-865","AG Weser",,
"German submarine U-866","AG Weser",,
"U-953","Blohm + Voss",,"Okręty podwodne typu VIIC"
"German submarine U-961","Blohm + Voss","Point(-3.31667 64.5167)","Okręty podwodne typu VIIC"
"German submarine U-962","Blohm + Voss","Point(-19.95 45.71666667)","Okręty podwodne typu VIIC"
"U-958","Blohm + Voss",,"Okręty podwodne typu VIIC"
"U-957","Blohm + Voss",,"Okręty podwodne typu VIIC"
"German submarine U-964","Blohm + Voss","Point(-28.2833 57.45)","Okręty podwodne typu VIIC"
"U-978",,"Point(-10.08333333 55.83333333)","Okręty podwodne typu VIIC"
"V80","Friedrich Krupp Germaniawerft",,
"U-214","Friedrich Krupp Germaniawerft","Point(-3.5 49.96666667)","Okręty podwodne typu VIID"
"U-3514",,,
"U-1062",,"Point(-34.73333333 11.6)","German Type VIIF submarine"
"U-1102",,"Point(-9.58333333 56.06666667)",
"SM U-100","AG Weser",,
"SM U-101","AG Weser",,
"SM U-104","AG Weser","Point(-6.43333333 51.98333333)",
"SM U-107","Friedrich Krupp Germaniawerft",,"okręty podwodne typu  U 93"
"SM U-109","Friedrich Krupp Germaniawerft","Point(1.51666667 50.88333333)","okręty podwodne typu  U 93"
"SM U-111","Friedrich Krupp Germaniawerft",,"okręty podwodne typu  U 93"
"SM U-112","Friedrich Krupp Germaniawerft",,"okręty podwodne typu  U 93"
"SM U-113","Friedrich Krupp Germaniawerft",,"okręty podwodne typu  U 93"
"SM U-114","Friedrich Krupp Germaniawerft",,"okręty podwodne typu  U 93"
"SM U-119","AG Vulcan Stettin",,"okręty podwodne typu UE II"
"SM U-120","AG Vulcan Stettin",,"okręty podwodne typu UE II"
"SM U-121","AG Vulcan Stettin",,"okręty podwodne typu UE II"
"SM U-122","AG Vulcan Stettin",,"okręty podwodne typu UE II"
"SM U-123","Blohm + Voss",,"okręty podwodne typu UE II"
"SM U-124","Blohm + Voss",,"okręty podwodne typu UE II"
"SM U-125","Blohm + Voss",,"okręty podwodne typu UE II"
"SM U-136","Kaiserliche Werft Gdańsk",,
"SM U-153","Reiherstieg Schiffswerfte & Maschinenfabrik",,"okręty podwodne typu U 151"
"SM U-154","Flensburger Schiffbau-Gesellschaft",,"okręty podwodne typu U 151"
"SM U-157","H. C. Stülcken Sohn",,"okręty podwodne typu U 151"
"SM U-160","Bremer Vulkan",,"okręty podwodne typu  U 93"
"SM U-161","Bremer Vulkan",,"okręty podwodne typu  U 93"
"SM U-163","Bremer Vulkan",,"okręty podwodne typu  U 93"
"SM U-162","Bremer Vulkan",,"okręty podwodne typu  U 93"
"SM U-164","Bremer Vulkan",,"okręty podwodne typu  U 93"
"SM U-151","Reiherstieg Schiffswerfte & Maschinenfabrik",,"okręty podwodne typu U 151"
"SM U-165","Bremer Vulkan","Point(8.88333333 53.16666667)","okręty podwodne typu  U 93"
"SM U-167","Bremer Vulkan",,"okręty podwodne typu  U 93"
"Niemiecki okręt podwodny U-80","Bremer Vulkan",,"okręty podwodne typu UE I"
"Niemiecki okręt podwodny U-82","Friedrich Krupp Germaniawerft",,
"Niemiecki okręt podwodny U-84","Friedrich Krupp Germaniawerft","Point(-5.73333333 51.88333333)",
"SM U-88","Kaiserliche Werft Gdańsk","Point(4.91666667 53.95)",
"SM U-88","Friedrich Krupp Germaniawerft","Point(4.91666667 53.95)",
"SM U-85","Friedrich Krupp Germaniawerft",,
"Niemiecki okręt podwodny U-89","Kaiserliche Werft Gdańsk",,
"Niemiecki okręt podwodny U-89","Friedrich Krupp Germaniawerft",,
"SM U-83","Friedrich Krupp Germaniawerft","Point(-11.38333333 51.56666667)",
"SM U-90","Kaiserliche Werft Gdańsk",,"okręty podwodne typu U 87"
"SM U-90","Friedrich Krupp Germaniawerft",,"okręty podwodne typu U 87"
"SM U-87","Kaiserliche Werft Gdańsk","Point(-5.11666667 52.93333333)",
"SM U-87","Friedrich Krupp Germaniawerft","Point(-5.11666667 52.93333333)",
"U-92 (1917)","Kaiserliche Werft Gdańsk","Point(-1.5 59.0)",
"SM U-95","Friedrich Krupp Germaniawerft","Point(-5.2 49.98333333)","okręty podwodne typu  U 93"
"SM U-94","Friedrich Krupp Germaniawerft",,"okręty podwodne typu  U 93"
"SM U-93","Friedrich Krupp Germaniawerft",,"okręty podwodne typu  U 93"
"SM U-96","Friedrich Krupp Germaniawerft",,"okręty podwodne typu  U 93"
"SM U-97","Friedrich Krupp Germaniawerft","Point(3.16666667 53.41666667)","okręty podwodne typu  U 93"
"SM U-98","Friedrich Krupp Germaniawerft",,"okręty podwodne typu  U 93"
"SM U-99","AG Weser","Point(30.08333333 58.0)",
"SM UB-107","Blohm + Voss","Point(-0.4 54.3833)","Okręty podwodne typu UBIII"
"SM UB-10","AG Weser","Point(3.2 51.35)","Okręty podwodne typu UBI"
"SM UB-11","AG Weser",,"Okręty podwodne typu UBI"
"SM UB-115","Blohm + Voss","Point(-1.36667 55.2167)","Okręty podwodne typu UBIII"
"SM UB-12","AG Weser",,"Okręty podwodne typu UBI"
"SM UB-13","AG Weser","Point(2.75 51.55)","Okręty podwodne typu UBI"
"SM UB-132","AG Weser",,"Okręty podwodne typu UBIII"
"MS UB-17","AG Weser","Point(2.71666667 57.11666667)","Okręty podwodne typu UBI"
"SM UB-16","AG Weser","Point(2.01666667 52.1)","Okręty podwodne typu UBI"
"SM UB-19","Blohm + Voss","Point(-5.78333333 49.28333333)","Okręty podwodne typu UBII"
"SM UB-20","Blohm + Voss","Point(-3.33333 51.4167)","Okręty podwodne typu UBII"
"SM UB-21","Blohm + Voss",,"Okręty podwodne typu UBII"
"SM UB-23","Blohm + Voss",,"Okręty podwodne typu UBII"
"SM UB-24","AG Weser",,"Okręty podwodne typu UBII"
"SM UB-25","AG Weser",,"Okręty podwodne typu UBII"
"SM UB-26","AG Weser","Point(0.03333333 49.46666667)","Okręty podwodne typu UBII"
"SM UB-27","AG Weser","Point(2.4 52.78333333)","Okręty podwodne typu UBII"
"SM UB-28","AG Weser",,"Okręty podwodne typu UBII"
"SM UB-29","AG Weser","Point(1.76666667 51.15)","Okręty podwodne typu UBII"
"SM UB-30","Blohm + Voss","Point(1.76666667 51.15)","Okręty podwodne typu UBII"
"SM UB-31","Blohm + Voss",,"Okręty podwodne typu UBII"
"SM UB-32","Blohm + Voss","Point(-2.08333 51.75)","Okręty podwodne typu UBII"
"SM UB-34","Blohm + Voss",,"Okręty podwodne typu UBII"
"SM UB-35","Blohm + Voss","Point(1.76666667 51.05)","Okręty podwodne typu UBII"
"SM UB-36","Blohm + Voss","Point(-5.23333333 48.7)","Okręty podwodne typu UBII"
"SM UB-38","Blohm + Voss","Point(1.41666667 50.93333333)","Okręty podwodne typu UBII"
"SM UB-39","Blohm + Voss","Point(-1.33333333 50.33333333)","Okręty podwodne typu UBII"
"SM UB-41","Blohm + Voss","Point(-0.35 54.3)","Okręty podwodne typu UBII"
"SM UB-43","AG Weser",,"Okręty podwodne typu UBII"
"SM UB-43","AG Weser",,"okręty podwodne typu U-43"
"SM UB-42","AG Weser",,"Okręty podwodne typu UBII"
"SM UB-44","AG Weser",,"Okręty podwodne typu UBII"
"SM UB-46","AG Weser","Point(28.58333333 41.43333333)","Okręty podwodne typu UBII"
"German submarine U-706","H. C. Stülcken Sohn","Point(-10.4167 46.25)","Okręty podwodne typu VIIC"
"German submarine U-421","Danziger Werft",,"typu VII"
"German submarine U-421","Danziger Werft",,"Okręty podwodne typu VIIC"
"German submarine U-586","Blohm + Voss",,"Okręty podwodne typu VIIC"
"SM UB-128","AG Weser",,"Okręty podwodne typu UBIII"
"Q15851923",,,"Okręty podwodne typu 206"
"Q15851924",,,
"Q15851925",,,
"SM UB-76","Blohm + Voss",,"Okręty podwodne typu UBIII"
"SM UB-51","Blohm + Voss",,"Okręty podwodne typu UBIII"
"SM UB-55","AG Weser","Point(1.33333 50.9833)","Okręty podwodne typu UBIII"
"SM UB-60","AG Vulcan Stettin",,"Okręty podwodne typu UBIII"
"SM UB-62","AG Vulcan Stettin",,"Okręty podwodne typu UBIII"
"SM UB-64","AG Vulcan Stettin",,"Okręty podwodne typu UBIII"
"SM UB-67","Friedrich Krupp Germaniawerft",,"Okręty podwodne typu UBIII"
"SM UB-70","Friedrich Krupp Germaniawerft",,"Okręty podwodne typu UBIII"
"SM UB-72","AG Vulcan Stettin","Point(-2.68333 50.1333)","Okręty podwodne typu UBIII"
"SM UB-73","AG Vulcan Stettin",,"Okręty podwodne typu UBIII"
"SM UB-77","Blohm + Voss",,"Okręty podwodne typu UBIII"
"SM UB-79","Blohm + Voss",,"Okręty podwodne typu UBIII"
"SM UB-80","AG Weser",,"Okręty podwodne typu UBIII"
"SM UB-83","AG Weser","Point(-1.83333 58.4667)","Okręty podwodne typu UBIII"
"SM UB-86","AG Weser",,"Okręty podwodne typu UBIII"
"SM UB-87","AG Weser",,"Okręty podwodne typu UBIII"
"SM UB-89","AG Vulcan Stettin",,"Okręty podwodne typu UBIII"
"SM UB-91","AG Vulcan Stettin",,"Okręty podwodne typu UBIII"
"SM UB-92","AG Vulcan Stettin",,"Okręty podwodne typu UBIII"
"SM UB-93","AG Vulcan Stettin",,"Okręty podwodne typu UBIII"
"SM UB-94","AG Vulcan Stettin",,"Okręty podwodne typu UBIII"
"SM UB-95","AG Vulcan Stettin",,"Okręty podwodne typu UBIII"
"SM UB-96","AG Vulcan Stettin",,"Okręty podwodne typu UBIII"
"SM UB-97","AG Vulcan Stettin",,"Okręty podwodne typu UBIII"
"SM UB-98","AG Vulcan Stettin",,"Okręty podwodne typu UBIII"
"SM UB-99","AG Vulcan Stettin",,"Okręty podwodne typu UBIII"
"SM UB-100","AG Vulcan Stettin",,"Okręty podwodne typu UBIII"
"SM UB-101","AG Vulcan Stettin",,"Okręty podwodne typu UBIII"
"SM UB-102","AG Vulcan Stettin",,"Okręty podwodne typu UBIII"
"SM UB-105","Blohm + Voss",,"Okręty podwodne typu UBIII"
"SM UB-104","Blohm + Voss",,"Okręty podwodne typu UBIII"
"SM UB-106","Blohm + Voss",,"Okręty podwodne typu UBIII"
"SM UB-108","Blohm + Voss",,"Okręty podwodne typu UBIII"
"SM UB-111","Blohm + Voss",,"Okręty podwodne typu UBIII"
"SM UB-112","Blohm + Voss",,"Okręty podwodne typu UBIII"
"SM UB-113","Blohm + Voss",,"Okręty podwodne typu UBIII"
"SM UB-114","Blohm + Voss",,"Okręty podwodne typu UBIII"
"SM UB-117","Blohm + Voss",,"Okręty podwodne typu UBIII"
"SM UB-118","AG Weser",,"Okręty podwodne typu UBIII"
"SM UB-119","AG Weser",,"Okręty podwodne typu UBIII"
"SM UB-120","AG Weser",,"Okręty podwodne typu UBIII"
"SM UB-121","AG Weser",,"Okręty podwodne typu UBIII"
"SM UB-123","AG Weser",,"Okręty podwodne typu UBIII"
"SM UB-126","AG Weser",,"Okręty podwodne typu UBIII"
"SM UB-127","AG Weser",,"Okręty podwodne typu UBIII"
"SM UB-130","AG Weser",,"Okręty podwodne typu UBIII"
"SM UB-131","AG Weser",,"Okręty podwodne typu UBIII"
"SM UB-133","Friedrich Krupp Germaniawerft",,"Okręty podwodne typu UBIII"
"SM UB-136","Friedrich Krupp Germaniawerft",,"Okręty podwodne typu UBIII"
"SM UB-142","AG Weser",,"Okręty podwodne typu UBIII"
"SM UB-144","AG Weser",,"Okręty podwodne typu UBIII"
"SM UB-145","AG Weser",,"Okręty podwodne typu UBIII"
"SM UB-148","AG Weser",,"Okręty podwodne typu UBIII"
"SM UB-149","AG Weser",,"Okręty podwodne typu UBIII"
"SM UB-150","AG Weser",,"Okręty podwodne typu UBIII"
"SM UB-154","AG Vulcan Stettin",,"Okręty podwodne typu UBIII"
"SM UB-155","AG Vulcan Stettin",,"Okręty podwodne typu UBIII"
"German submarine U-634","Blohm + Voss","Point(-19.4 40.2167)","Okręty podwodne typu VIIC"
"U 3520",,,
"German submarine U-1274",,"Point(-1.4 55.6)","German Type VIIC/41 submarine"
"German submarine U-1172",,,"German Type VIIC/41 submarine"
"German submarine U-1064",,,"German Type VIIC/41 submarine"
"German submarine U-1106",,,
"German submarine U-1303",,,
"U-1410",,,
"Q22968559",,,
"German submarine U-4707",,,
"SM UB-48","Blohm + Voss",,"Okręty podwodne typu UBIII"
"SM UB-47","AG Weser",,"Okręty podwodne typu UBII"
"SM UB-47","AG Weser",,"okręty podwodne typu U-43"
"SM UB-50","Blohm + Voss",,"Okręty podwodne typu UBIII"
"SM UB-6","Friedrich Krupp Germaniawerft","Point(3.96666667 51.88333333)","Okręty podwodne typu UBI"
"SM UB-68","Friedrich Krupp Germaniawerft","Point(16.33333333 33.93333333)","Okręty podwodne typu UBIII"
"SM UB-7","Friedrich Krupp Germaniawerft","Point(33.25 44.5)","Okręty podwodne typu UBI"
"SM UB-85","AG Weser","Point(-5.38333333 54.78333333)","Okręty podwodne typu UBIII"
"SM UB-9","AG Weser",,"Okręty podwodne typu UBI"
"SM UC-25","AG Vulcan Stettin",,
"SM UC-4","AG Vulcan Stettin",,"okręty podwodne typu UC I"
"SM UC-44","AG Vulcan Stettin","Point(-6.98333333 52.11666667)",
"SM UC-50","Friedrich Krupp Germaniawerft",,"okręty podwodne typu UC II"
"SM UC-55","Kaiserliche Werft Gdańsk","Point(1.03333 60.0333)",
"SM UB-14","AG Weser",,"Okręty podwodne typu UBI"
"German submarine U-967",,"Point(5.91666667 43.11666667)","Okręty podwodne typu VIIC"
"U-1203",,"Point(-10.0833 55.8333)",
"U-659","Howaldtswerke-Deutsche Werft","Point(-13.33333333 43.53333333)","Okręty podwodne typu VIIC"
"U-2506",,"Point(-7.5 55.61666667)",
"U-2506",,"Point(-7.5 55.6167)",
"German submarine U-3010",,,
"German submarine U-604","Blohm + Voss","Point(-21.33333333 -4.5)","Okręty podwodne typu VIIC"
"German submarine U-737",,"Point(15.65 68.15)","Okręty podwodne typu VIIC"
"SM UB-143","AG Weser",,"Okręty podwodne typu UBIII"
"SM UB-125","AG Weser",,"Okręty podwodne typu UBIII"
"SM U-110","Friedrich Krupp Germaniawerft","Point(-8.1 54.81666667)","okręty podwodne typu  U 93"
"U-102 (1917)","AG Weser",,
"SM UB-22","Blohm + Voss","Point(6.53333333 54.66666667)","Okręty podwodne typu UBII"
"SM UB-37","Blohm + Voss","Point(1.78333333 50.11666667)","Okręty podwodne typu UBII"
"German submarine U-757","Kriegsmarinewerft Wilhelmshaven","Point(-18.05 50.55)","Okręty podwodne typu VIIC"
"SM U-91","Kaiserliche Werft Gdańsk",,
"SM U-91","Friedrich Krupp Germaniawerft",,
"SM U-126","Blohm + Voss",,
"SM U-166","Bremer Vulkan",,"okręty podwodne typu  U 93"
"German submarine U-626","Blohm + Voss","Point(-27.2 56.7667)","Okręty podwodne typu VIIC"
"German submarine U-450","Schichau-Werke","Point(12.45 41.1833)","Okręty podwodne typu VIIC"
"U-318",,"Point(-8.5 55.78333282)","German Type VIIC/41 submarine"
"German submarine U-326",,,"German Type VIIC/41 submarine"
"German submarine U-430",,,"Okręty podwodne typu VIIC"
"German submarine U-437","Schichau-Werke",,"Okręty podwodne typu VIIC"
"German submarine U-473",,"Point(-21.3667 49.4833)","Okręty podwodne typu VIIC"
"German submarine U-478",,,"Okręty podwodne typu VIIC"
"German submarine U-579","Blohm + Voss",,"Okręty podwodne typu VIIC"
"German submarine U-592","Blohm + Voss",,"Okręty podwodne typu VIIC"
"U-776",,"Point(-5.50027778 55.13444444)",
"German submarine U-711","H. C. Stülcken Sohn","Point(16.6333 68.8)","Okręty podwodne typu VIIC"
"German submarine U-1020",,,
"German submarine U-1051",,"Point(-5.38333 53.65)","Okręty podwodne typu VIIC"
"U-1103",,,
"U-2503",,"Point(11.133333333 55.15)","Okręty podwodne typu XXI"
"German submarine U-440","Schichau-Werke",,"Okręty podwodne typu VIIC"
"German submarine U-599","Blohm + Voss",,"Okręty podwodne typu VIIC"
"German submarine U-602","Blohm + Voss","Point(0.0 36.8333)","Okręty podwodne typu VIIC"
"German submarine U-621","Blohm + Voss","Point(-2.6 45.8667)","Okręty podwodne typu VIIC"
"German submarine U-632",,,
"German submarine U-624","Blohm + Voss","Point(-26.2833 55.7)","Okręty podwodne typu VIIC"
"German submarine U-633","Blohm + Voss","Point(-19.91666667 58.85)","Okręty podwodne typu VIIC"
"German submarine U-643",,,
"German submarine U-648","Blohm + Voss",,"Okręty podwodne typu VIIC"
"German submarine U-654","Howaldtswerke-Deutsche Werft","Point(-79.9333 12.0)","Okręty podwodne typu VIIC"
"German submarine U-664","Howaldtswerke-Deutsche Werft","Point(-37.483333 40.2)","Okręty podwodne typu VIIC"
"German submarine U-708","H. C. Stülcken Sohn",,"Okręty podwodne typu VIIC"
"German submarine U-707","H. C. Stülcken Sohn","Point(-20.2833 40.5167)","Okręty podwodne typu VIIC"
"German submarine U-709","H. C. Stülcken Sohn","Point(19.4333 49.1667)","Okręty podwodne typu VIIC"
"German submarine U-828",,,"German Type VIIC/41 submarine"
"German submarine U-490","Friedrich Krupp Germaniawerft","Point(-40.133333333 42.783333333)","Okręty podwodne typu XIV"
"U-1002",,,
"U-1165",,,"German Type VIIC/41 submarine"
"U-1104",,,
"German submarine U-296",,,"German Type VIIC/41 submarine"
"German submarine U-133 (1941)","Bremer Vulkan","Point(23.58333333 37.83333333)","Okręty podwodne typu VIIC"
"U-404","Danziger Werft",,"typu VII"
"U-404","Danziger Werft",,"Okręty podwodne typu VIIC"
"German submarine U-258","Bremer Vulkan",,"Okręty podwodne typu VIIC"
"SM UB-103","Blohm + Voss","Point(1.45 50.86666667)","Okręty podwodne typu UBIII"
"SM UB-109","Blohm + Voss","Point(-1.73333333 51.05)","Okręty podwodne typu UBIII"
"SM UB-110","Blohm + Voss","Point(-0.91666667 54.65)","Okręty podwodne typu UBIII"
"SM UB-116","Blohm + Voss","Point(-3.06666667 58.83333333)","Okręty podwodne typu UBIII"
"SM UB-124","AG Weser","Point(-7.85 55.71666667)","Okręty podwodne typu UBIII"
"SM UB-129","AG Weser","Point(14.43333333 45.31666667)","Okręty podwodne typu UBIII"
"SM UB-52","Blohm + Voss","Point(18.86666667 41.6)","Okręty podwodne typu UBIII"
"SM UB-53","Blohm + Voss","Point(18.66666667 39.66666667)","Okręty podwodne typu UBIII"
"SM UB-54","AG Weser","Point(0.75 53.25)","Okręty podwodne typu UBIII"
"SM UB-56","AG Weser","Point(1.35 50.96666667)","Okręty podwodne typu UBIII"
"SM UB-57","AG Weser","Point(2.03333333 51.93333333)","Okręty podwodne typu UBIII"
"SM UB-58","AG Weser","Point(1.23333333 50.96666667)","Okręty podwodne typu UBIII"
"SM UB-59","AG Weser","Point(3.2 51.31666667)","Okręty podwodne typu UBIII"
"SM UB-61","AG Vulcan Stettin","Point(4.93333333 53.33333333)","Okręty podwodne typu UBIII"
"SM UB-63","AG Vulcan Stettin","Point(2.0 56.16666667)","Okręty podwodne typu UBIII"
"SM UB-66","Friedrich Krupp Germaniawerft","Point(24.41666667 38.5)","Okręty podwodne typu UBIII"
"SM UB-69","Friedrich Krupp Germaniawerft","Point(10.63333333 37.5)","Okręty podwodne typu UBIII"
"SM UB-71","Friedrich Krupp Germaniawerft","Point(5.3 35.96666667)","Okręty podwodne typu UBIII"
"SM UB-74","AG Vulcan Stettin","Point(-2.53333333 50.53333333)","Okręty podwodne typu UBIII"
"SM UB-75","Blohm + Voss","Point(0.16666667 54.08333333)","Okręty podwodne typu UBIII"
"SM UB-78","Blohm + Voss","Point(-1.5 49.81666667)","Okręty podwodne typu UBIII"
"SM UB-82","AG Weser","Point(-5.91666667 55.21666667)","Okręty podwodne typu UBIII"
"SM UB-84","AG Weser","Point(10.18333333 54.58333333)","Okręty podwodne typu UBIII"
"SM UB-90","AG Vulcan Stettin","Point(10.45 57.91666667)","Okręty podwodne typu UBIII"
"SM UB-122","AG Weser","Point(0.63194167 51.43066944)","Okręty podwodne typu UBIII"
"German submarine U-710","H. C. Stülcken Sohn","Point(-19.8 61.41666667)","Okręty podwodne typu VIIC"
"U-751","Kriegsmarinewerft Wilhelmshaven",,"Okręty podwodne typu VIIC"
"German submarine U-168","Deutsche Schiff- und Maschinenbau","Point(111.28 -6.2)","Okręty podwodne typu IXC/40"
"German submarine U-242",,"Point(-5.76888889 52.03583333)","Okręty podwodne typu VIIC"
"German submarine U-1277",,"Point(-8.68333333 41.15)",
"Q2472159",,,"Okręty podwodne typu 206"
"U-118","Friedrich Krupp Germaniawerft","Point(-28.35 30.81666667)",
"German submarine U-544",,"Point(-37.33333333 40.5)",
"U-79","Bremer Vulkan","Point(25.31666667 32.25)","Okręty podwodne typu VIIC"
"U-119","Friedrich Krupp Germaniawerft","Point(-12.4 44.98333333)",
"U-61","Deutsche Werke",,
"German submarine U-441","Schichau-Werke","Point(-5.78333333 48.45)","Okręty podwodne typu VIIC"
"SM U-33","Friedrich Krupp Germaniawerft",,"Okręty podwodne typu U-31"
"German submarine U-237","Friedrich Krupp Germaniawerft",,"Okręty podwodne typu VIIC"
"German submarine U-230","Friedrich Krupp Germaniawerft",,"Okręty podwodne typu VIIC"
"German submarine U-239","Friedrich Krupp Germaniawerft",,"Okręty podwodne typu VIIC"
"U-244",,"Point(-8.53333333 55.76666667)","Okręty podwodne typu VIIC"
"German submarine U-543",,"Point(-21.6 25.56666667)",
"U-1163",,,"German Type VIIC/41 submarine"
"German submarine U-1200",,,"Okręty podwodne typu VIIC"
"German submarine U-236","Friedrich Krupp Germaniawerft","Point(10.05 54.61666667)","Okręty podwodne typu VIIC"
"German submarine U-777","Kriegsmarinewerft Wilhelmshaven","Point(8.16666667 53.85)","Okręty podwodne typu VIIC"
"U-1061",,,"German Type VIIF submarine"
"German submarine U-1065",,"Point(11.43333333 57.8)","German Type VIIC/41 submarine"
"SM UB-49","Blohm + Voss",,"Okręty podwodne typu UBIII"
"German submarine U-748",,,
"German submarine U-713",,,
"German submarine U-710","H. C. Stülcken Sohn","Point(-19.8 61.4167)","Okręty podwodne typu VIIC"
"German submarine U-676",,,
